{
    "error_code": 0,
    "error_msg": "SUCCESS",
    "log_id": 1928749930,
    "timestamp": 1587886328,
    "cached": 0,
    "result": {
        "face_num": 1,
        "face_list": [{
            "face_token": "d80fc864a9f11ca97f753b7fd6ef3092",
            "location": {
                "left": 148.2,
                "top": 207.76,
                "width": 293,
                "height": 265,
                "rotation": 0
            },
            "face_probability": 1,
            "angle": {
                "yaw": 19.13,
                "pitch": 17.13,
                "roll": -3.5
            },
            "landmark201": [{
                "cheek_right_1": {
                    "x": 152.91139221191,
                    "y": 234.10575866699
                },
                "cheek_right_3": {
                    "x": 153.21405029297,
                    "y": 275.29922485352
                },
                "cheek_right_5": {
                    "x": 159.1178894043,
                    "y": 317.43710327148
                },
                "cheek_right_7": {
                    "x": 171.67828369141,
                    "y": 359.82891845703
                },
                "cheek_right_9": {
                    "x": 187.34191894531,
                    "y": 402.29333496094
                },
                "cheek_right_11": {
                    "x": 209.47039794922,
                    "y": 448.70611572266
                },
                "chin_2": {
                    "x": 244.76583862305,
                    "y": 480.13912963867
                },
                "cheek_left_11": {
                    "x": 300.36502075195,
                    "y": 472.90335083008
                },
                "cheek_left_9": {
                    "x": 355.99075317383,
                    "y": 439.84826660156
                },
                "cheek_left_7": {
                    "x": 402.11898803711,
                    "y": 393.20904541016
                },
                "cheek_left_5": {
                    "x": 427.60656738281,
                    "y": 340.88400268555
                },
                "cheek_left_3": {
                    "x": 442.78765869141,
                    "y": 287.72296142578
                },
                "cheek_left_1": {
                    "x": 453.259765625,
                    "y": 234.46209716797
                },
                "eye_right_corner_right": {
                    "x": 166.43855285645,
                    "y": 245.62696838379
                },
                "eye_right_eyelid_upper_2": {
                    "x": 178.73571777344,
                    "y": 233.48094177246
                },
                "eye_right_eyelid_upper_4": {
                    "x": 194.54188537598,
                    "y": 231.23136901855
                },
                "eye_right_eyelid_upper_6": {
                    "x": 209.59561157227,
                    "y": 238.01022338867
                },
                "eye_right_corner_left": {
                    "x": 219.60101318359,
                    "y": 252.86766052246
                },
                "eye_right_eyelid_lower_6": {
                    "x": 206.45573425293,
                    "y": 256.78121948242
                },
                "eye_right_eyelid_lower_4": {
                    "x": 191.26301574707,
                    "y": 257.60192871094
                },
                "eye_right_eyelid_lower_2": {
                    "x": 177.1402130127,
                    "y": 253.22375488281
                },
                "eye_right_eyeball_center": {
                    "x": 197.69207763672,
                    "y": 242.78115844727
                },
                "eyebrow_right_corner_right": {
                    "x": 152.5193939209,
                    "y": 218.0311126709
                },
                "eyebrow_right_upper_2": {
                    "x": 166.62945556641,
                    "y": 206.35087585449
                },
                "eyebrow_right_upper_3": {
                    "x": 183.5559387207,
                    "y": 209.04162597656
                },
                "eyebrow_right_upper_4": {
                    "x": 200.37629699707,
                    "y": 216.20118713379
                },
                "eyebrow_right_corner_left": {
                    "x": 215.19021606445,
                    "y": 231.66654968262
                },
                "eyebrow_right_lower_3": {
                    "x": 197.2017364502,
                    "y": 226.71070861816
                },
                "eyebrow_right_lower_2": {
                    "x": 180.5466003418,
                    "y": 221.2080078125
                },
                "eyebrow_right_lower_1": {
                    "x": 165.50422668457,
                    "y": 217.85374450684
                },
                "eye_left_corner_right": {
                    "x": 284.4423828125,
                    "y": 253.46418762207
                },
                "eye_left_eyelid_upper_2": {
                    "x": 299.30715942383,
                    "y": 238.99905395508
                },
                "eye_left_eyelid_upper_4": {
                    "x": 316.24237060547,
                    "y": 233.8639831543
                },
                "eye_left_eyelid_upper_6": {
                    "x": 333.67279052734,
                    "y": 238.54011535645
                },
                "eye_left_corner_left": {
                    "x": 347.63455200195,
                    "y": 252.36630249023
                },
                "eye_left_eyelid_lower_6": {
                    "x": 333.91830444336,
                    "y": 257.90979003906
                },
                "eye_left_eyelid_lower_4": {
                    "x": 316.63473510742,
                    "y": 260.21624755859
                },
                "eye_left_eyelid_lower_2": {
                    "x": 299.55313110352,
                    "y": 257.49395751953
                },
                "eye_left_eyeball_center": {
                    "x": 320.76895141602,
                    "y": 244.34625244141
                },
                "eyebrow_left_corner_right": {
                    "x": 275.39828491211,
                    "y": 230.90559387207
                },
                "eyebrow_left_upper_2": {
                    "x": 296.08618164062,
                    "y": 216.02331542969
                },
                "eyebrow_left_upper_3": {
                    "x": 319.22418212891,
                    "y": 210.38291931152
                },
                "eyebrow_left_upper_4": {
                    "x": 345.15350341797,
                    "y": 209.21328735352
                },
                "eyebrow_left_corner_left": {
                    "x": 372.05294799805,
                    "y": 222.89102172852
                },
                "eyebrow_left_lower_3": {
                    "x": 345.80990600586,
                    "y": 220.7686920166
                },
                "eyebrow_left_lower_2": {
                    "x": 321.57382202148,
                    "y": 223.06295776367
                },
                "eyebrow_left_lower_1": {
                    "x": 298.73480224609,
                    "y": 227.94213867188
                },
                "nose_right_contour_1": {
                    "x": 229.40553283691,
                    "y": 257.50231933594
                },
                "nose_right_contour_2": {
                    "x": 221.8087310791,
                    "y": 283.46823120117
                },
                "nose_right_contour_3": {
                    "x": 214.45086669922,
                    "y": 309.3616027832
                },
                "nose_right_contour_4": {
                    "x": 207.43621826172,
                    "y": 334.99829101562
                },